date,location,lat,lon,temp_max,temp_min,precipitation
2026-03-14,Cilegon,-6.012584543568546,106.01533967633631,29.2,27.5,1.0
2026-03-15,Cilegon,-6.012584543568546,106.01533967633631,29.5,27.0,0.7
2026-03-16,Cilegon,-6.012584543568546,106.01533967633631,29.2,28.0,0.0
2026-03-17,Cilegon,-6.012584543568546,106.01533967633631,29.1,27.9,0.0
2026-03-18,Cilegon,-6.012584543568546,106.01533967633631,29.6,27.8,0.0
2026-03-19,Cilegon,-6.012584543568546,106.01533967633631,29.7,27.7,0.0
2026-03-20,Cilegon,-6.012584543568546,106.01533967633631,29.7,27.9,0.0
2026-03-14,Kota Tangerang,-6.187829048430916,106.65158666757361,33.0,22.7,0.1
2026-03-15,Kota Tangerang,-6.187829048430916,106.65158666757361,31.3,24.1,0.1
2026-03-16,Kota Tangerang,-6.187829048430916,106.65158666757361,31.2,22.8,0.3
2026-03-17,Kota Tangerang,-6.187829048430916,106.65158666757361,32.6,21.6,0.0
2026-03-18,Kota Tangerang,-6.187829048430916,106.65158666757361,33.0,22.9,0.0
2026-03-19,Kota Tangerang,-6.187829048430916,106.65158666757361,33.1,24.0,1.2
2026-03-20,Kota Tangerang,-6.187829048430916,106.65158666757361,32.4,23.9,0.0
2026-03-14,Lebak,-6.647417513761953,106.21224081594877,31.0,22.7,1.2
2026-03-15,Lebak,-6.647417513761953,106.21224081594877,31.4,23.2,0.0
2026-03-16,Lebak,-6.647417513761953,106.21224081594877,31.0,22.7,0.0
2026-03-17,Lebak,-6.647417513761953,106.21224081594877,32.1,19.8,0.0
2026-03-18,Lebak,-6.647417513761953,106.21224081594877,31.9,21.1,0.0
2026-03-19,Lebak,-6.647417513761953,106.21224081594877,32.3,21.0,1.8
2026-03-20,Lebak,-6.647417513761953,106.21224081594877,30.3,22.5,1.5
2026-03-14,Pandeglang,-6.590912612196811,105.74367218738105,30.3,23.6,0.0
2026-03-15,Pandeglang,-6.590912612196811,105.74367218738105,30.1,24.2,0.3
2026-03-16,Pandeglang,-6.590912612196811,105.74367218738105,29.3,22.0,0.0
2026-03-17,Pandeglang,-6.590912612196811,105.74367218738105,30.4,20.7,0.0
2026-03-18,Pandeglang,-6.590912612196811,105.74367218738105,31.0,21.8,0.0
2026-03-19,Pandeglang,-6.590912612196811,105.74367218738105,31.1,22.1,0.0
2026-03-20,Pandeglang,-6.590912612196811,105.74367218738105,30.0,23.5,0.3
2026-03-14,Serang,-6.142815968837025,106.15591734951349,31.2,22.6,0.0
2026-03-15,Serang,-6.142815968837025,106.15591734951349,31.1,23.0,0.0
2026-03-16,Serang,-6.142815968837025,106.15591734951349,31.1,22.4,0.0
2026-03-17,Serang,-6.142815968837025,106.15591734951349,31.8,21.0,0.0
2026-03-18,Serang,-6.142815968837025,106.15591734951349,32.9,22.1,0.0
2026-03-19,Serang,-6.142815968837025,106.15591734951349,32.9,21.3,0.3
2026-03-20,Serang,-6.142815968837025,106.15591734951349,31.7,22.1,0.0
2026-03-14,Tangerang,-6.192285705587691,106.54621774422829,33.7,23.7,0.0
2026-03-15,Tangerang,-6.192285705587691,106.54621774422829,32.0,23.8,0.0
2026-03-16,Tangerang,-6.192285705587691,106.54621774422829,31.8,23.3,0.1
2026-03-17,Tangerang,-6.192285705587691,106.54621774422829,32.8,21.6,0.0
2026-03-18,Tangerang,-6.192285705587691,106.54621774422829,33.0,22.3,0.0
2026-03-19,Tangerang,-6.192285705587691,106.54621774422829,33.7,22.5,0.0
2026-03-20,Tangerang,-6.192285705587691,106.54621774422829,32.8,23.6,0.3
2026-03-14,Jakarta Barat,-6.163413784057088,106.74722452829901,32.9,24.0,0.0
2026-03-15,Jakarta Barat,-6.163413784057088,106.74722452829901,31.2,25.1,0.0
2026-03-16,Jakarta Barat,-6.163413784057088,106.74722452829901,31.0,24.1,1.2
2026-03-17,Jakarta Barat,-6.163413784057088,106.74722452829901,32.2,23.3,0.0
2026-03-18,Jakarta Barat,-6.163413784057088,106.74722452829901,33.5,24.4,0.7
2026-03-19,Jakarta Barat,-6.163413784057088,106.74722452829901,33.1,24.9,5.3
2026-03-20,Jakarta Barat,-6.163413784057088,106.74722452829901,32.0,25.1,1.8
2026-03-14,Jakarta Pusat,-6.182831856523437,106.83375865600885,32.8,24.7,0.0
2026-03-15,Jakarta Pusat,-6.182831856523437,106.83375865600885,30.8,26.0,0.0
2026-03-16,Jakarta Pusat,-6.182831856523437,106.83375865600885,30.4,25.0,1.9
2026-03-17,Jakarta Pusat,-6.182831856523437,106.83375865600885,32.1,24.5,0.0
2026-03-18,Jakarta Pusat,-6.182831856523437,106.83375865600885,31.6,25.8,1.0
2026-03-19,Jakarta Pusat,-6.182831856523437,106.83375865600885,32.1,25.6,8.3
2026-03-20,Jakarta Pusat,-6.182831856523437,106.83375865600885,31.6,25.6,10.0
2026-03-14,Jakarta Selatan,-6.270537428085333,106.80918118887458,33.7,23.4,0.5
2026-03-15,Jakarta Selatan,-6.270537428085333,106.80918118887458,31.9,24.4,0.9
2026-03-16,Jakarta Selatan,-6.270537428085333,106.80918118887458,31.5,23.9,0.5
2026-03-17,Jakarta Selatan,-6.270537428085333,106.80918118887458,33.3,22.9,0.0
2026-03-18,Jakarta Selatan,-6.270537428085333,106.80918118887458,33.0,25.2,0.4
2026-03-19,Jakarta Selatan,-6.270537428085333,106.80918118887458,33.5,25.0,15.9
2026-03-20,Jakarta Selatan,-6.270537428085333,106.80918118887458,32.7,25.0,3.8
2026-03-14,Jakarta Timur,-6.253434111015687,106.90308344689608,33.7,23.5,0.5
2026-03-15,Jakarta Timur,-6.253434111015687,106.90308344689608,31.9,24.5,0.9
2026-03-16,Jakarta Timur,-6.253434111015687,106.90308344689608,31.5,24.0,0.5
2026-03-17,Jakarta Timur,-6.253434111015687,106.90308344689608,33.4,22.9,0.0
2026-03-18,Jakarta Timur,-6.253434111015687,106.90308344689608,33.1,25.2,0.4
2026-03-19,Jakarta Timur,-6.253434111015687,106.90308344689608,33.5,25.0,15.9
2026-03-20,Jakarta Timur,-6.253434111015687,106.90308344689608,32.8,25.1,3.8
2026-03-14,Jakarta Utara,-6.128648367776813,106.86675019476915,32.8,24.7,0.0
2026-03-15,Jakarta Utara,-6.128648367776813,106.86675019476915,30.8,26.0,0.0
2026-03-16,Jakarta Utara,-6.128648367776813,106.86675019476915,30.4,25.0,1.9
2026-03-17,Jakarta Utara,-6.128648367776813,106.86675019476915,32.1,24.5,0.0
2026-03-18,Jakarta Utara,-6.128648367776813,106.86675019476915,31.6,25.8,1.0
2026-03-19,Jakarta Utara,-6.128648367776813,106.86675019476915,32.1,25.6,8.3
2026-03-20,Jakarta Utara,-6.128648367776813,106.86675019476915,31.6,25.6,10.0
2026-03-14,Bandung,-7.010348420352137,107.52577028259451,28.7,18.0,2.6
2026-03-15,Bandung,-7.010348420352137,107.52577028259451,27.9,18.9,2.2
2026-03-16,Bandung,-7.010348420352137,107.52577028259451,28.1,19.0,0.0
2026-03-17,Bandung,-7.010348420352137,107.52577028259451,29.2,18.2,0.0
2026-03-18,Bandung,-7.010348420352137,107.52577028259451,28.4,18.7,2.1
2026-03-19,Bandung,-7.010348420352137,107.52577028259451,27.2,19.9,17.1
2026-03-20,Bandung,-7.010348420352137,107.52577028259451,27.2,20.2,25.2
2026-03-14,Banjar,-7.374011247289794,108.55089932861137,31.1,22.0,9.5
2026-03-15,Banjar,-7.374011247289794,108.55089932861137,29.8,22.5,17.6
2026-03-16,Banjar,-7.374011247289794,108.55089932861137,29.3,22.7,16.6
2026-03-17,Banjar,-7.374011247289794,108.55089932861137,30.9,22.7,0.0
2026-03-18,Banjar,-7.374011247289794,108.55089932861137,30.9,21.9,0.0
2026-03-19,Banjar,-7.374011247289794,108.55089932861137,30.5,22.2,3.9
2026-03-20,Banjar,-7.374011247289794,108.55089932861137,29.5,22.6,4.2
2026-03-14,Bekasi,-6.210500367027962,107.12285528079993,34.4,25.2,2.1
2026-03-15,Bekasi,-6.210500367027962,107.12285528079993,31.8,25.5,0.5
2026-03-16,Bekasi,-6.210500367027962,107.12285528079993,32.6,25.1,2.0
2026-03-17,Bekasi,-6.210500367027962,107.12285528079993,34.0,24.6,0.6
2026-03-18,Bekasi,-6.210500367027962,107.12285528079993,33.2,26.0,0.6
2026-03-19,Bekasi,-6.210500367027962,107.12285528079993,33.6,25.5,11.8
2026-03-20,Bekasi,-6.210500367027962,107.12285528079993,32.7,25.6,13.8
2026-03-14,Bogor,-6.559398290650793,106.77049049741969,31.3,19.9,0.0
2026-03-15,Bogor,-6.559398290650793,106.77049049741969,30.9,21.4,0.4
2026-03-16,Bogor,-6.559398290650793,106.77049049741969,31.1,20.2,1.3
2026-03-17,Bogor,-6.559398290650793,106.77049049741969,31.7,19.7,0.0
2026-03-18,Bogor,-6.559398290650793,106.77049049741969,31.8,21.7,0.0
2026-03-19,Bogor,-6.559398290650793,106.77049049741969,31.9,22.5,9.0
2026-03-20,Bogor,-6.559398290650793,106.77049049741969,29.9,22.3,2.1
2026-03-14,Ciamis,-7.4342305574984495,108.46696630693069,30.6,21.4,9.5
2026-03-15,Ciamis,-7.4342305574984495,108.46696630693069,29.3,21.9,17.6
2026-03-16,Ciamis,-7.4342305574984495,108.46696630693069,28.7,22.1,16.6
2026-03-17,Ciamis,-7.4342305574984495,108.46696630693069,30.4,22.1,0.0
2026-03-18,Ciamis,-7.4342305574984495,108.46696630693069,30.4,21.4,0.0
2026-03-19,Ciamis,-7.4342305574984495,108.46696630693069,30.0,21.6,3.9
2026-03-20,Ciamis,-7.4342305574984495,108.46696630693069,28.9,22.0,4.2
2026-03-14,Cianjur,-7.129177854120621,107.15528435604325,28.4,19.9,0.0
2026-03-15,Cianjur,-7.129177854120621,107.15528435604325,29.2,19.9,3.8
2026-03-16,Cianjur,-7.129177854120621,107.15528435604325,28.9,20.2,0.0
2026-03-17,Cianjur,-7.129177854120621,107.15528435604325,30.4,19.3,0.0
2026-03-18,Cianjur,-7.129177854120621,107.15528435604325,29.7,19.8,0.0
2026-03-19,Cianjur,-7.129177854120621,107.15528435604325,30.1,20.3,4.5
2026-03-20,Cianjur,-7.129177854120621,107.15528435604325,28.1,20.8,6.9
2026-03-14,Cimahi,-6.886387766117476,107.5501749693189,29.3,18.6,0.9
2026-03-15,Cimahi,-6.886387766117476,107.5501749693189,28.8,20.8,0.4
2026-03-16,Cimahi,-6.886387766117476,107.5501749693189,29.3,20.9,0.0
2026-03-17,Cimahi,-6.886387766117476,107.5501749693189,30.6,19.1,0.0
2026-03-18,Cimahi,-6.886387766117476,107.5501749693189,29.8,20.7,1.5
2026-03-19,Cimahi,-6.886387766117476,107.5501749693189,28.6,21.2,14.1
2026-03-20,Cimahi,-6.886387766117476,107.5501749693189,27.8,21.3,9.0
2026-03-14,Cirebon,-6.739829392753571,108.55067357027986,28.6,22.6,14.7
2026-03-15,Cirebon,-6.739829392753571,108.55067357027986,28.8,22.8,13.5
2026-03-16,Cirebon,-6.739829392753571,108.55067357027986,28.9,22.6,4.2
2026-03-17,Cirebon,-6.739829392753571,108.55067357027986,29.2,22.9,6.1
2026-03-18,Cirebon,-6.739829392753571,108.55067357027986,27.9,23.2,8.1
2026-03-19,Cirebon,-6.739829392753571,108.55067357027986,27.5,22.9,10.8
2026-03-20,Cirebon,-6.739829392753571,108.55067357027986,27.7,23.1,20.7
2026-03-14,Depok,-6.396740532433594,106.81232526560632,32.5,21.4,0.0
2026-03-15,Depok,-6.396740532433594,106.81232526560632,31.1,22.9,0.4
2026-03-16,Depok,-6.396740532433594,106.81232526560632,31.1,22.1,0.5
2026-03-17,Depok,-6.396740532433594,106.81232526560632,32.3,20.9,0.0
2026-03-18,Depok,-6.396740532433594,106.81232526560632,32.7,23.1,0.0
2026-03-19,Depok,-6.396740532433594,106.81232526560632,32.7,23.8,5.7
2026-03-20,Depok,-6.396740532433594,106.81232526560632,31.5,23.7,0.0
2026-03-14,Garut,-7.356225505465062,107.78601175129293,26.9,19.3,2.6
2026-03-15,Garut,-7.356225505465062,107.78601175129293,26.7,19.5,12.5
2026-03-16,Garut,-7.356225505465062,107.78601175129293,25.7,20.2,4.2
2026-03-17,Garut,-7.356225505465062,107.78601175129293,26.7,19.2,0.0
2026-03-18,Garut,-7.356225505465062,107.78601175129293,27.3,19.2,0.0
2026-03-19,Garut,-7.356225505465062,107.78601175129293,26.5,20.6,1.8
2026-03-20,Garut,-7.356225505465062,107.78601175129293,26.3,20.0,4.5
2026-03-14,Indramayu,-6.448429013958912,108.16837119472335,32.7,24.4,3.1
2026-03-15,Indramayu,-6.448429013958912,108.16837119472335,32.4,24.6,2.8
2026-03-16,Indramayu,-6.448429013958912,108.16837119472335,33.0,24.6,0.5
2026-03-17,Indramayu,-6.448429013958912,108.16837119472335,32.7,24.7,3.3
2026-03-18,Indramayu,-6.448429013958912,108.16837119472335,32.3,24.3,6.6
2026-03-19,Indramayu,-6.448429013958912,108.16837119472335,32.2,24.4,28.0
2026-03-20,Indramayu,-6.448429013958912,108.16837119472335,31.0,24.0,37.5
2026-03-14,Karawang,-6.25932307837352,107.35235859407638,33.3,24.2,4.1
2026-03-15,Karawang,-6.25932307837352,107.35235859407638,31.0,24.7,2.1
2026-03-16,Karawang,-6.25932307837352,107.35235859407638,32.1,24.4,0.6
2026-03-17,Karawang,-6.25932307837352,107.35235859407638,33.0,24.0,4.3
2026-03-18,Karawang,-6.25932307837352,107.35235859407638,32.5,25.2,0.3
2026-03-19,Karawang,-6.25932307837352,107.35235859407638,32.2,25.1,12.2
2026-03-20,Karawang,-6.25932307837352,107.35235859407638,32.0,25.0,16.3
2026-03-14,Kota Bandung,-6.92365428916034,107.63308709209848,30.3,19.6,0.9
2026-03-15,Kota Bandung,-6.92365428916034,107.63308709209848,29.8,21.8,0.4
2026-03-16,Kota Bandung,-6.92365428916034,107.63308709209848,30.3,21.9,0.0
2026-03-17,Kota Bandung,-6.92365428916034,107.63308709209848,31.6,20.1,0.0
2026-03-18,Kota Bandung,-6.92365428916034,107.63308709209848,30.8,21.7,1.5
2026-03-19,Kota Bandung,-6.92365428916034,107.63308709209848,29.6,22.2,14.1
2026-03-20,Kota Bandung,-6.92365428916034,107.63308709209848,28.8,22.3,9.0
2026-03-14,Kota Bekasi,-6.280166666896028,106.97925017110103,34.4,24.5,0.2
2026-03-15,Kota Bekasi,-6.280166666896028,106.97925017110103,32.1,25.3,0.6
2026-03-16,Kota Bekasi,-6.280166666896028,106.97925017110103,32.1,25.2,0.7
2026-03-17,Kota Bekasi,-6.280166666896028,106.97925017110103,34.2,25.0,0.0
2026-03-18,Kota Bekasi,-6.280166666896028,106.97925017110103,33.3,26.1,2.9
2026-03-19,Kota Bekasi,-6.280166666896028,106.97925017110103,33.7,25.6,15.1
2026-03-20,Kota Bekasi,-6.280166666896028,106.97925017110103,33.5,25.6,5.1
2026-03-14,Kota Bogor,-6.59155402795402,106.79577620968817,30.5,21.0,0.8
2026-03-15,Kota Bogor,-6.59155402795402,106.79577620968817,30.4,20.5,0.9
2026-03-16,Kota Bogor,-6.59155402795402,106.79577620968817,31.0,20.1,0.0
2026-03-17,Kota Bogor,-6.59155402795402,106.79577620968817,31.8,19.2,0.0
2026-03-18,Kota Bogor,-6.59155402795402,106.79577620968817,30.7,20.8,0.6
2026-03-19,Kota Bogor,-6.59155402795402,106.79577620968817,31.2,21.6,4.2
2026-03-20,Kota Bogor,-6.59155402795402,106.79577620968817,29.1,21.7,6.9
2026-03-14,Kota Cirebon,-6.74544949777961,108.55137398770752,28.5,22.5,14.7
2026-03-15,Kota Cirebon,-6.74544949777961,108.55137398770752,28.8,22.7,13.5
2026-03-16,Kota Cirebon,-6.74544949777961,108.55137398770752,28.9,22.6,4.2
2026-03-17,Kota Cirebon,-6.74544949777961,108.55137398770752,29.2,22.9,6.1
2026-03-18,Kota Cirebon,-6.74544949777961,108.55137398770752,27.8,23.2,8.1
2026-03-19,Kota Cirebon,-6.74544949777961,108.55137398770752,27.5,22.8,10.8
2026-03-20,Kota Cirebon,-6.74544949777961,108.55137398770752,27.6,23.1,20.7
2026-03-14,Kota Sukabumi,-6.948934627816398,106.91205637503356,32.4,18.8,0.0
2026-03-15,Kota Sukabumi,-6.948934627816398,106.91205637503356,32.0,21.0,4.2
2026-03-16,Kota Sukabumi,-6.948934627816398,106.91205637503356,32.0,21.4,0.0
2026-03-17,Kota Sukabumi,-6.948934627816398,106.91205637503356,34.0,20.3,0.0
2026-03-18,Kota Sukabumi,-6.948934627816398,106.91205637503356,33.8,19.0,0.0
2026-03-19,Kota Sukabumi,-6.948934627816398,106.91205637503356,34.5,20.4,0.6
2026-03-20,Kota Sukabumi,-6.948934627816398,106.91205637503356,32.6,21.7,1.5
2026-03-14,Kota Tasikmalaya,-7.357486049109177,108.21738677173862,29.9,19.1,17.6
2026-03-15,Kota Tasikmalaya,-7.357486049109177,108.21738677173862,28.5,21.3,18.9
2026-03-16,Kota Tasikmalaya,-7.357486049109177,108.21738677173862,28.1,21.1,15.9
2026-03-17,Kota Tasikmalaya,-7.357486049109177,108.21738677173862,29.8,20.8,0.1
2026-03-18,Kota Tasikmalaya,-7.357486049109177,108.21738677173862,29.6,20.2,0.0
2026-03-19,Kota Tasikmalaya,-7.357486049109177,108.21738677173862,29.3,21.5,4.5
2026-03-20,Kota Tasikmalaya,-7.357486049109177,108.21738677173862,27.9,20.9,7.5
2026-03-14,Kuningan,-7.001100760980925,108.56092778953756,26.9,19.8,5.3
2026-03-15,Kuningan,-7.001100760980925,108.56092778953756,27.6,20.9,6.2
2026-03-16,Kuningan,-7.001100760980925,108.56092778953756,27.2,20.3,3.1
2026-03-17,Kuningan,-7.001100760980925,108.56092778953756,27.0,20.4,11.6
2026-03-18,Kuningan,-7.001100760980925,108.56092778953756,26.8,20.1,7.8
2026-03-19,Kuningan,-7.001100760980925,108.56092778953756,27.4,20.0,5.1
2026-03-20,Kuningan,-7.001100760980925,108.56092778953756,26.5,20.4,9.0
2026-03-14,Majalengka,-6.814974673265311,108.25865796208676,30.9,23.3,13.0
2026-03-15,Majalengka,-6.814974673265311,108.25865796208676,31.5,23.5,13.4
2026-03-16,Majalengka,-6.814974673265311,108.25865796208676,31.5,23.5,5.0
2026-03-17,Majalengka,-6.814974673265311,108.25865796208676,31.7,23.7,6.9
2026-03-18,Majalengka,-6.814974673265311,108.25865796208676,31.4,24.0,0.3
2026-03-19,Majalengka,-6.814974673265311,108.25865796208676,31.0,23.7,4.8
2026-03-20,Majalengka,-6.814974673265311,108.25865796208676,30.4,23.4,8.1
2026-03-14,Purwakarta,-6.58926238908289,107.44336542406637,32.5,24.6,6.9
2026-03-15,Purwakarta,-6.58926238908289,107.44336542406637,31.2,25.1,3.6
2026-03-16,Purwakarta,-6.58926238908289,107.44336542406637,32.4,24.7,0.0
2026-03-17,Purwakarta,-6.58926238908289,107.44336542406637,32.4,25.1,2.5
2026-03-18,Purwakarta,-6.58926238908289,107.44336542406637,32.1,25.6,7.3
2026-03-19,Purwakarta,-6.58926238908289,107.44336542406637,32.0,25.3,22.7
2026-03-20,Purwakarta,-6.58926238908289,107.44336542406637,30.3,24.7,9.0
2026-03-14,Subang,-6.48225743620793,107.73319280861384,32.8,23.0,7.8
2026-03-15,Subang,-6.48225743620793,107.73319280861384,32.1,24.2,4.2
2026-03-16,Subang,-6.48225743620793,107.73319280861384,32.5,23.7,0.3
2026-03-17,Subang,-6.48225743620793,107.73319280861384,32.4,24.1,2.6
2026-03-18,Subang,-6.48225743620793,107.73319280861384,31.2,23.6,5.5
2026-03-19,Subang,-6.48225743620793,107.73319280861384,31.6,24.2,24.1
2026-03-20,Subang,-6.48225743620793,107.73319280861384,29.9,24.1,26.7
2026-03-14,Sukabumi,-7.074398598959817,106.70401350073622,28.3,19.9,0.0
2026-03-15,Sukabumi,-7.074398598959817,106.70401350073622,27.9,21.7,2.6
2026-03-16,Sukabumi,-7.074398598959817,106.70401350073622,28.3,21.7,0.0
2026-03-17,Sukabumi,-7.074398598959817,106.70401350073622,29.2,20.2,0.0
2026-03-18,Sukabumi,-7.074398598959817,106.70401350073622,29.6,19.8,0.0
2026-03-19,Sukabumi,-7.074398598959817,106.70401350073622,29.3,20.5,0.3
2026-03-20,Sukabumi,-7.074398598959817,106.70401350073622,27.7,21.3,1.5
2026-03-14,Sumedang,-6.824034896579109,107.98261419350091,26.2,17.6,17.2
2026-03-15,Sumedang,-6.824034896579109,107.98261419350091,26.2,19.1,5.0
2026-03-16,Sumedang,-6.824034896579109,107.98261419350091,26.3,18.9,0.1
2026-03-17,Sumedang,-6.824034896579109,107.98261419350091,27.5,19.0,0.8
2026-03-18,Sumedang,-6.824034896579109,107.98261419350091,26.3,19.4,4.9
2026-03-19,Sumedang,-6.824034896579109,107.98261419350091,24.9,19.7,17.5
2026-03-20,Sumedang,-6.824034896579109,107.98261419350091,24.5,19.0,27.1
2026-03-14,Tasikmalaya,-7.494612904786317,108.13857107353302,28.5,18.7,9.7
2026-03-15,Tasikmalaya,-7.494612904786317,108.13857107353302,28.4,19.9,13.4
2026-03-16,Tasikmalaya,-7.494612904786317,108.13857107353302,27.1,20.4,18.2
2026-03-17,Tasikmalaya,-7.494612904786317,108.13857107353302,28.8,20.3,0.2
2026-03-18,Tasikmalaya,-7.494612904786317,108.13857107353302,28.6,19.5,0.0
2026-03-19,Tasikmalaya,-7.494612904786317,108.13857107353302,28.6,21.1,4.5
2026-03-20,Tasikmalaya,-7.494612904786317,108.13857107353302,27.0,20.6,5.1
2026-03-14,Banjarnegara,-7.351419476719804,109.66178545107115,32.9,21.2,3.3
2026-03-15,Banjarnegara,-7.351419476719804,109.66178545107115,31.6,23.2,15.9
2026-03-16,Banjarnegara,-7.351419476719804,109.66178545107115,31.0,23.2,12.7
2026-03-17,Banjarnegara,-7.351419476719804,109.66178545107115,31.8,22.5,1.4
2026-03-18,Banjarnegara,-7.351419476719804,109.66178545107115,33.1,21.1,0.0
2026-03-19,Banjarnegara,-7.351419476719804,109.66178545107115,30.9,23.0,6.1
2026-03-20,Banjarnegara,-7.351419476719804,109.66178545107115,31.9,23.7,3.5
2026-03-14,Banyumas,-7.453077247874159,109.17450835730416,32.7,22.8,5.2
2026-03-15,Banyumas,-7.453077247874159,109.17450835730416,31.8,24.0,10.2
2026-03-16,Banyumas,-7.453077247874159,109.17450835730416,31.0,24.1,11.4
2026-03-17,Banyumas,-7.453077247874159,109.17450835730416,31.6,24.0,0.1
2026-03-18,Banyumas,-7.453077247874159,109.17450835730416,32.6,22.6,0.0
2026-03-19,Banyumas,-7.453077247874159,109.17450835730416,31.0,24.4,3.8
2026-03-20,Banyumas,-7.453077247874159,109.17450835730416,31.3,24.5,2.2
2026-03-14,Batang,-7.019506282542603,109.87481163055612,28.4,19.2,3.1
2026-03-15,Batang,-7.019506282542603,109.87481163055612,28.5,21.3,0.6
2026-03-16,Batang,-7.019506282542603,109.87481163055612,27.7,21.4,1.4
2026-03-17,Batang,-7.019506282542603,109.87481163055612,28.3,20.9,7.6
2026-03-18,Batang,-7.019506282542603,109.87481163055612,28.4,21.1,1.2
2026-03-19,Batang,-7.019506282542603,109.87481163055612,28.3,20.7,6.0
2026-03-20,Batang,-7.019506282542603,109.87481163055612,27.3,21.1,13.8
2026-03-14,Blora,-7.074820657477023,111.38415854282175,33.5,23.5,0.0
2026-03-15,Blora,-7.074820657477023,111.38415854282175,32.9,24.0,0.5
2026-03-16,Blora,-7.074820657477023,111.38415854282175,32.3,23.9,1.0
2026-03-17,Blora,-7.074820657477023,111.38415854282175,34.2,23.5,3.7
2026-03-18,Blora,-7.074820657477023,111.38415854282175,33.8,23.6,3.0
2026-03-19,Blora,-7.074820657477023,111.38415854282175,33.0,24.6,9.9
2026-03-20,Blora,-7.074820657477023,111.38415854282175,33.7,24.1,5.1
2026-03-14,Boyolali,-7.411020511274247,110.65408785982098,27.1,21.3,8.5
2026-03-15,Boyolali,-7.411020511274247,110.65408785982098,26.2,20.2,18.2
2026-03-16,Boyolali,-7.411020511274247,110.65408785982098,25.0,21.0,25.7
2026-03-17,Boyolali,-7.411020511274247,110.65408785982098,26.2,20.5,9.7
2026-03-18,Boyolali,-7.411020511274247,110.65408785982098,28.0,18.5,2.4
2026-03-19,Boyolali,-7.411020511274247,110.65408785982098,26.7,20.4,9.6
2026-03-20,Boyolali,-7.411020511274247,110.65408785982098,27.1,20.6,7.5
2026-03-14,Brebes,-7.057149621100939,108.92941567696354,31.1,23.5,2.3
2026-03-15,Brebes,-7.057149621100939,108.92941567696354,32.2,24.1,9.3
2026-03-16,Brebes,-7.057149621100939,108.92941567696354,30.9,24.2,6.5
2026-03-17,Brebes,-7.057149621100939,108.92941567696354,31.5,23.8,7.5
2026-03-18,Brebes,-7.057149621100939,108.92941567696354,31.9,22.9,0.3
2026-03-19,Brebes,-7.057149621100939,108.92941567696354,33.1,23.3,7.2
2026-03-20,Brebes,-7.057149621100939,108.92941567696354,31.1,24.3,12.9
2026-03-14,Cilacap,-7.487992633759983,108.88809033241158,33.8,23.4,11.9
2026-03-15,Cilacap,-7.487992633759983,108.88809033241158,32.4,24.7,8.4
2026-03-16,Cilacap,-7.487992633759983,108.88809033241158,32.2,24.6,11.2
2026-03-17,Cilacap,-7.487992633759983,108.88809033241158,33.2,24.4,0.0
2026-03-18,Cilacap,-7.487992633759983,108.88809033241158,33.2,23.8,0.0
2026-03-19,Cilacap,-7.487992633759983,108.88809033241158,32.9,24.6,6.0
2026-03-20,Cilacap,-7.487992633759983,108.88809033241158,31.8,24.9,3.0
2026-03-14,Demak,-6.9137636607728306,110.62577563577298,28.6,26.6,4.9
2026-03-15,Demak,-6.9137636607728306,110.62577563577298,28.7,26.7,8.9
2026-03-16,Demak,-6.9137636607728306,110.62577563577298,28.4,26.6,9.2
2026-03-17,Demak,-6.9137636607728306,110.62577563577298,29.2,26.3,7.2
2026-03-18,Demak,-6.9137636607728306,110.62577563577298,28.9,26.2,0.5
2026-03-19,Demak,-6.9137636607728306,110.62577563577298,29.3,26.7,7.2
2026-03-20,Demak,-6.9137636607728306,110.62577563577298,29.1,26.1,2.5
2026-03-14,Grobogan,-7.1160879232759955,110.92715931060417,32.5,23.9,0.8
2026-03-15,Grobogan,-7.1160879232759955,110.92715931060417,31.4,24.5,8.6
2026-03-16,Grobogan,-7.1160879232759955,110.92715931060417,31.0,24.7,4.8
2026-03-17,Grobogan,-7.1160879232759955,110.92715931060417,32.9,24.4,8.4
2026-03-18,Grobogan,-7.1160879232759955,110.92715931060417,33.1,24.1,1.2
2026-03-19,Grobogan,-7.1160879232759955,110.92715931060417,32.4,24.7,5.4
2026-03-20,Grobogan,-7.1160879232759955,110.92715931060417,33.2,24.2,5.7
2026-03-14,Jepara,-6.5617581009539645,110.76905398727364,27.9,26.9,3.7
2026-03-15,Jepara,-6.5617581009539645,110.76905398727364,28.1,26.8,4.4
2026-03-16,Jepara,-6.5617581009539645,110.76905398727364,27.8,26.9,6.9
2026-03-17,Jepara,-6.5617581009539645,110.76905398727364,28.2,26.5,2.9
2026-03-18,Jepara,-6.5617581009539645,110.76905398727364,28.2,26.6,3.3
2026-03-19,Jepara,-6.5617581009539645,110.76905398727364,28.5,26.9,9.7
2026-03-20,Jepara,-6.5617581009539645,110.76905398727364,28.1,26.5,1.8
2026-03-14,Karanganyar,-7.613330490723947,111.01725342099726,34.2,24.9,6.7
2026-03-15,Karanganyar,-7.613330490723947,111.01725342099726,34.1,25.7,10.6
2026-03-16,Karanganyar,-7.613330490723947,111.01725342099726,33.3,26.3,10.9
2026-03-17,Karanganyar,-7.613330490723947,111.01725342099726,33.8,25.9,3.8
2026-03-18,Karanganyar,-7.613330490723947,111.01725342099726,34.1,25.4,0.0
2026-03-19,Karanganyar,-7.613330490723947,111.01725342099726,33.1,26.0,6.0
2026-03-20,Karanganyar,-7.613330490723947,111.01725342099726,33.2,25.9,0.6
2026-03-14,Kebumen,-7.653116926342026,109.61542122666098,33.5,23.4,1.1
2026-03-15,Kebumen,-7.653116926342026,109.61542122666098,32.6,23.5,9.2
2026-03-16,Kebumen,-7.653116926342026,109.61542122666098,31.7,23.8,14.5
2026-03-17,Kebumen,-7.653116926342026,109.61542122666098,32.0,23.6,0.3
2026-03-18,Kebumen,-7.653116926342026,109.61542122666098,33.3,23.4,0.0
2026-03-19,Kebumen,-7.653116926342026,109.61542122666098,30.9,24.5,6.1
2026-03-20,Kebumen,-7.653116926342026,109.61542122666098,32.0,24.6,1.7
2026-03-14,Kendal,-7.034534830281132,110.15521926540626,29.3,23.6,5.8
2026-03-15,Kendal,-7.034534830281132,110.15521926540626,29.8,23.9,1.0
2026-03-16,Kendal,-7.034534830281132,110.15521926540626,28.7,23.7,2.5
2026-03-17,Kendal,-7.034534830281132,110.15521926540626,29.1,23.6,5.6
2026-03-18,Kendal,-7.034534830281132,110.15521926540626,29.2,23.7,0.2
2026-03-19,Kendal,-7.034534830281132,110.15521926540626,29.8,24.3,3.7
2026-03-20,Kendal,-7.034534830281132,110.15521926540626,29.4,23.7,7.2
2026-03-14,Klaten,-7.687263644682787,110.614884043733,28.0,18.6,6.0
2026-03-15,Klaten,-7.687263644682787,110.614884043733,25.4,19.6,37.3
2026-03-16,Klaten,-7.687263644682787,110.614884043733,24.5,19.9,30.0
2026-03-17,Klaten,-7.687263644682787,110.614884043733,26.0,19.5,3.9
2026-03-18,Klaten,-7.687263644682787,110.614884043733,27.4,18.4,1.2
2026-03-19,Klaten,-7.687263644682787,110.614884043733,25.8,19.8,3.9
2026-03-20,Klaten,-7.687263644682787,110.614884043733,27.1,20.2,2.1
2026-03-14,Kota Magelang,-7.498026499999999,110.22769833333332,29.9,19.6,2.1
2026-03-15,Kota Magelang,-7.498026499999999,110.22769833333332,26.9,20.5,29.0
2026-03-16,Kota Magelang,-7.498026499999999,110.22769833333332,26.6,20.7,20.5
2026-03-17,Kota Magelang,-7.498026499999999,110.22769833333332,26.7,20.5,8.7
2026-03-18,Kota Magelang,-7.498026499999999,110.22769833333332,28.8,18.2,0.0
2026-03-19,Kota Magelang,-7.498026499999999,110.22769833333332,27.0,20.0,6.0
2026-03-20,Kota Magelang,-7.498026499999999,110.22769833333332,27.9,20.3,0.3
2026-03-14,Kota Pekalongan,-6.901533091355721,109.69039386353565,31.0,22.6,1.3
2026-03-15,Kota Pekalongan,-6.901533091355721,109.69039386353565,31.2,24.6,3.1
2026-03-16,Kota Pekalongan,-6.901533091355721,109.69039386353565,30.4,24.6,0.4
2026-03-17,Kota Pekalongan,-6.901533091355721,109.69039386353565,30.9,24.3,4.7
2026-03-18,Kota Pekalongan,-6.901533091355721,109.69039386353565,31.0,24.9,2.8
2026-03-19,Kota Pekalongan,-6.901533091355721,109.69039386353565,31.2,24.0,2.7
2026-03-20,Kota Pekalongan,-6.901533091355721,109.69039386353565,31.1,24.3,11.1
2026-03-14,Kota Semarang,-7.023887528760564,110.385603554268,29.4,25.2,3.0
2026-03-15,Kota Semarang,-7.023887528760564,110.385603554268,29.2,25.8,1.9
2026-03-16,Kota Semarang,-7.023887528760564,110.385603554268,29.0,25.7,3.9
2026-03-17,Kota Semarang,-7.023887528760564,110.385603554268,29.5,25.4,13.2
2026-03-18,Kota Semarang,-7.023887528760564,110.385603554268,29.4,25.2,0.8
2026-03-19,Kota Semarang,-7.023887528760564,110.385603554268,29.8,26.0,11.0
2026-03-20,Kota Semarang,-7.023887528760564,110.385603554268,29.3,25.2,1.9
2026-03-14,Kota Tegal,-6.872040453125937,109.11371991972314,30.8,23.5,1.0
2026-03-15,Kota Tegal,-6.872040453125937,109.11371991972314,31.3,24.8,7.0
2026-03-16,Kota Tegal,-6.872040453125937,109.11371991972314,30.8,24.5,3.7
2026-03-17,Kota Tegal,-6.872040453125937,109.11371991972314,31.2,24.6,3.5
2026-03-18,Kota Tegal,-6.872040453125937,109.11371991972314,32.0,23.5,0.0
2026-03-19,Kota Tegal,-6.872040453125937,109.11371991972314,33.2,23.7,3.3
2026-03-20,Kota Tegal,-6.872040453125937,109.11371991972314,31.0,24.7,7.8
2026-03-14,Kudus,-6.798390285923367,110.86770034662848,31.5,25.7,0.8
2026-03-15,Kudus,-6.798390285923367,110.86770034662848,31.3,26.4,0.9
2026-03-16,Kudus,-6.798390285923367,110.86770034662848,31.1,26.3,4.2
2026-03-17,Kudus,-6.798390285923367,110.86770034662848,32.6,25.9,2.7
2026-03-18,Kudus,-6.798390285923367,110.86770034662848,33.3,26.0,1.8
2026-03-19,Kudus,-6.798390285923367,110.86770034662848,33.1,26.0,5.6
2026-03-20,Kudus,-6.798390285923367,110.86770034662848,32.7,25.8,2.0
2026-03-14,Magelang,-7.502137344297128,110.2477547243433,29.9,19.5,2.1
2026-03-15,Magelang,-7.502137344297128,110.2477547243433,26.8,20.5,29.0
2026-03-16,Magelang,-7.502137344297128,110.2477547243433,26.6,20.6,20.5
2026-03-17,Magelang,-7.502137344297128,110.2477547243433,26.7,20.5,8.7
2026-03-18,Magelang,-7.502137344297128,110.2477547243433,28.7,18.1,0.0
2026-03-19,Magelang,-7.502137344297128,110.2477547243433,27.0,20.0,6.0
2026-03-20,Magelang,-7.502137344297128,110.2477547243433,27.8,20.3,0.3
2026-03-14,Pati,-6.742725575544486,111.040440180638,31.7,23.6,0.0
2026-03-15,Pati,-6.742725575544486,111.040440180638,31.7,24.5,0.0
2026-03-16,Pati,-6.742725575544486,111.040440180638,31.2,24.3,1.0
2026-03-17,Pati,-6.742725575544486,111.040440180638,32.4,23.9,6.7
2026-03-18,Pati,-6.742725575544486,111.040440180638,33.3,24.5,4.5
2026-03-19,Pati,-6.742725575544486,111.040440180638,32.0,24.1,14.7
2026-03-20,Pati,-6.742725575544486,111.040440180638,31.7,23.9,2.1
2026-03-14,Pekalongan,-7.061909222435338,109.63132607401818,29.3,21.7,1.2
2026-03-15,Pekalongan,-7.061909222435338,109.63132607401818,30.0,23.0,3.6
2026-03-16,Pekalongan,-7.061909222435338,109.63132607401818,29.4,22.5,2.5
2026-03-17,Pekalongan,-7.061909222435338,109.63132607401818,30.2,23.3,1.3
2026-03-18,Pekalongan,-7.061909222435338,109.63132607401818,30.7,23.2,0.0
2026-03-19,Pekalongan,-7.061909222435338,109.63132607401818,30.5,22.0,4.5
2026-03-20,Pekalongan,-7.061909222435338,109.63132607401818,30.4,22.9,8.4
2026-03-14,Pemalang,-7.0318283052535,109.39807592415747,30.3,21.6,2.2
2026-03-15,Pemalang,-7.0318283052535,109.39807592415747,30.9,24.1,7.9
2026-03-16,Pemalang,-7.0318283052535,109.39807592415747,30.0,23.6,2.6
2026-03-17,Pemalang,-7.0318283052535,109.39807592415747,31.0,23.3,6.1
2026-03-18,Pemalang,-7.0318283052535,109.39807592415747,31.3,23.0,0.0
2026-03-19,Pemalang,-7.0318283052535,109.39807592415747,31.6,22.7,11.5
2026-03-20,Pemalang,-7.0318283052535,109.39807592415747,30.5,23.7,13.4
2026-03-14,Purbalingga,-7.320612060479874,109.41227830053289,31.0,20.6,8.0
2026-03-15,Purbalingga,-7.320612060479874,109.41227830053289,28.5,22.8,19.1
2026-03-16,Purbalingga,-7.320612060479874,109.41227830053289,27.2,22.4,21.6
2026-03-17,Purbalingga,-7.320612060479874,109.41227830053289,28.1,22.4,8.1
2026-03-18,Purbalingga,-7.320612060479874,109.41227830053289,30.1,20.6,0.0
2026-03-19,Purbalingga,-7.320612060479874,109.41227830053289,28.9,21.5,8.1
2026-03-20,Purbalingga,-7.320612060479874,109.41227830053289,28.2,21.9,7.8
2026-03-14,Purwokerto,-7.430327259070802,109.22994111309181,35.4,22.8,3.4
2026-03-15,Purwokerto,-7.430327259070802,109.22994111309181,33.0,24.8,7.2
2026-03-16,Purwokerto,-7.430327259070802,109.22994111309181,32.1,25.3,9.5
2026-03-17,Purwokerto,-7.430327259070802,109.22994111309181,32.8,24.9,1.5
2026-03-18,Purwokerto,-7.430327259070802,109.22994111309181,34.9,22.9,0.0
2026-03-19,Purwokerto,-7.430327259070802,109.22994111309181,32.9,24.3,2.4
2026-03-20,Purwokerto,-7.430327259070802,109.22994111309181,32.4,24.8,1.8
2026-03-14,Purworejo,-7.69771501867959,109.96545408032921,34.3,23.7,0.6
2026-03-15,Purworejo,-7.69771501867959,109.96545408032921,32.0,24.3,10.4
2026-03-16,Purworejo,-7.69771501867959,109.96545408032921,31.8,25.5,9.4
2026-03-17,Purworejo,-7.69771501867959,109.96545408032921,32.5,24.9,0.0
2026-03-18,Purworejo,-7.69771501867959,109.96545408032921,33.5,23.6,0.0
2026-03-19,Purworejo,-7.69771501867959,109.96545408032921,31.8,24.9,3.4
2026-03-20,Purworejo,-7.69771501867959,109.96545408032921,32.6,25.2,0.4
2026-03-14,Rembang,-6.776287241667165,111.46218856163895,31.9,24.4,1.4
2026-03-15,Rembang,-6.776287241667165,111.46218856163895,31.8,24.7,2.0
2026-03-16,Rembang,-6.776287241667165,111.46218856163895,31.7,24.9,9.6
2026-03-17,Rembang,-6.776287241667165,111.46218856163895,33.4,24.5,11.2
2026-03-18,Rembang,-6.776287241667165,111.46218856163895,33.6,24.6,4.2
2026-03-19,Rembang,-6.776287241667165,111.46218856163895,32.4,24.8,11.8
2026-03-20,Rembang,-6.776287241667165,111.46218856163895,33.5,25.0,3.1
2026-03-14,Salatiga,-7.338648201333345,110.49893987165842,27.6,19.7,7.1
2026-03-15,Salatiga,-7.338648201333345,110.49893987165842,26.7,20.2,18.3
2026-03-16,Salatiga,-7.338648201333345,110.49893987165842,26.0,20.0,12.8
2026-03-17,Salatiga,-7.338648201333345,110.49893987165842,26.4,20.1,8.7
2026-03-18,Salatiga,-7.338648201333345,110.49893987165842,27.5,19.6,0.0
2026-03-19,Salatiga,-7.338648201333345,110.49893987165842,26.2,20.1,4.5
2026-03-20,Salatiga,-7.338648201333345,110.49893987165842,27.5,20.0,2.7
2026-03-14,Semarang,-7.2740174090766985,110.47768241717684,27.1,18.0,5.0
2026-03-15,Semarang,-7.2740174090766985,110.47768241717684,26.4,19.0,10.2
2026-03-16,Semarang,-7.2740174090766985,110.47768241717684,24.9,19.0,9.0
2026-03-17,Semarang,-7.2740174090766985,110.47768241717684,26.0,18.6,5.9
2026-03-18,Semarang,-7.2740174090766985,110.47768241717684,28.1,17.7,0.0
2026-03-19,Semarang,-7.2740174090766985,110.47768241717684,25.8,18.5,2.4
2026-03-20,Semarang,-7.2740174090766985,110.47768241717684,27.4,18.9,2.1
2026-03-14,Sragen,-7.383840010065275,110.97550649170913,32.6,23.2,6.2
2026-03-15,Sragen,-7.383840010065275,110.97550649170913,32.1,24.2,7.5
2026-03-16,Sragen,-7.383840010065275,110.97550649170913,31.2,24.4,9.3
2026-03-17,Sragen,-7.383840010065275,110.97550649170913,32.5,24.1,2.8
2026-03-18,Sragen,-7.383840010065275,110.97550649170913,32.6,23.7,0.3
2026-03-19,Sragen,-7.383840010065275,110.97550649170913,32.0,24.3,4.2
2026-03-20,Sragen,-7.383840010065275,110.97550649170913,33.0,24.2,1.2
2026-03-14,Sukoharjo,-7.68687531859683,110.83138243275218,31.8,22.2,7.7
2026-03-15,Sukoharjo,-7.68687531859683,110.83138243275218,31.6,23.6,30.2
2026-03-16,Sukoharjo,-7.68687531859683,110.83138243275218,30.9,24.3,18.9
2026-03-17,Sukoharjo,-7.68687531859683,110.83138243275218,31.6,24.0,4.1
2026-03-18,Sukoharjo,-7.68687531859683,110.83138243275218,31.9,22.8,0.3
2026-03-19,Sukoharjo,-7.68687531859683,110.83138243275218,30.6,23.5,5.7
2026-03-20,Sukoharjo,-7.68687531859683,110.83138243275218,31.9,23.7,2.1
2026-03-14,Surakarta,-7.555869291653097,110.82175272025708,32.1,23.2,8.4
2026-03-15,Surakarta,-7.555869291653097,110.82175272025708,32.0,24.4,18.0
2026-03-16,Surakarta,-7.555869291653097,110.82175272025708,31.1,24.8,16.4
2026-03-17,Surakarta,-7.555869291653097,110.82175272025708,32.1,24.3,3.5
2026-03-18,Surakarta,-7.555869291653097,110.82175272025708,32.5,23.7,0.0
2026-03-19,Surakarta,-7.555869291653097,110.82175272025708,31.1,24.5,5.4
2026-03-20,Surakarta,-7.555869291653097,110.82175272025708,32.3,24.3,1.8
2026-03-14,Tegal,-7.027929191571178,109.16116959222833,31.0,21.9,0.1
2026-03-15,Tegal,-7.027929191571178,109.16116959222833,31.0,23.9,9.6
2026-03-16,Tegal,-7.027929191571178,109.16116959222833,30.7,23.5,6.0
2026-03-17,Tegal,-7.027929191571178,109.16116959222833,31.6,23.4,4.3
2026-03-18,Tegal,-7.027929191571178,109.16116959222833,32.1,22.8,0.0
2026-03-19,Tegal,-7.027929191571178,109.16116959222833,33.0,22.5,6.7
2026-03-20,Tegal,-7.027929191571178,109.16116959222833,31.7,24.0,11.6
2026-03-14,Temanggung,-7.258850463450768,110.14181283152098,25.0,17.2,0.9
2026-03-15,Temanggung,-7.258850463450768,110.14181283152098,23.7,17.7,12.6
2026-03-16,Temanggung,-7.258850463450768,110.14181283152098,22.4,17.5,15.5
2026-03-17,Temanggung,-7.258850463450768,110.14181283152098,23.0,17.4,10.1
2026-03-18,Temanggung,-7.258850463450768,110.14181283152098,24.6,17.4,0.0
2026-03-19,Temanggung,-7.258850463450768,110.14181283152098,23.3,17.7,6.6
2026-03-20,Temanggung,-7.258850463450768,110.14181283152098,23.2,17.4,6.0
2026-03-14,Wonogiri,-7.922612501949925,110.99751457019039,31.4,23.2,1.6
2026-03-15,Wonogiri,-7.922612501949925,110.99751457019039,30.8,24.6,12.4
2026-03-16,Wonogiri,-7.922612501949925,110.99751457019039,30.1,24.5,4.9
2026-03-17,Wonogiri,-7.922612501949925,110.99751457019039,30.2,24.3,0.6
2026-03-18,Wonogiri,-7.922612501949925,110.99751457019039,31.0,24.1,0.0
2026-03-19,Wonogiri,-7.922612501949925,110.99751457019039,29.1,24.7,4.2
2026-03-20,Wonogiri,-7.922612501949925,110.99751457019039,29.4,24.7,1.0
2026-03-14,Wonosobo,-7.413099965765684,109.91205224632581,29.3,18.5,1.9
2026-03-15,Wonosobo,-7.413099965765684,109.91205224632581,27.7,20.1,15.1
2026-03-16,Wonosobo,-7.413099965765684,109.91205224632581,26.7,19.6,16.6
2026-03-17,Wonosobo,-7.413099965765684,109.91205224632581,27.2,19.3,2.6
2026-03-18,Wonosobo,-7.413099965765684,109.91205224632581,29.1,17.9,0.0
2026-03-19,Wonosobo,-7.413099965765684,109.91205224632581,27.8,19.1,2.4
2026-03-20,Wonosobo,-7.413099965765684,109.91205224632581,27.7,19.6,4.2
2026-03-14,Bangkalan,-7.043641721282949,112.92786096438184,30.8,25.4,1.4
2026-03-15,Bangkalan,-7.043641721282949,112.92786096438184,30.1,25.5,4.8
2026-03-16,Bangkalan,-7.043641721282949,112.92786096438184,29.5,25.1,5.9
2026-03-17,Bangkalan,-7.043641721282949,112.92786096438184,30.7,24.9,8.9
2026-03-18,Bangkalan,-7.043641721282949,112.92786096438184,30.0,25.4,4.6
2026-03-19,Bangkalan,-7.043641721282949,112.92786096438184,30.1,24.9,14.3
2026-03-20,Bangkalan,-7.043641721282949,112.92786096438184,30.1,24.5,2.9
2026-03-14,Banyuwangi,-8.364340494179103,114.21002096186837,33.6,22.4,5.8
2026-03-15,Banyuwangi,-8.364340494179103,114.21002096186837,30.7,22.0,8.0
2026-03-16,Banyuwangi,-8.364340494179103,114.21002096186837,30.9,21.7,6.8
2026-03-17,Banyuwangi,-8.364340494179103,114.21002096186837,31.0,22.1,3.8
2026-03-18,Banyuwangi,-8.364340494179103,114.21002096186837,28.8,22.4,4.5
2026-03-19,Banyuwangi,-8.364340494179103,114.21002096186837,29.5,22.8,1.5
2026-03-20,Banyuwangi,-8.364340494179103,114.21002096186837,30.3,22.4,0.3
2026-03-14,Batu,-7.836534488856431,112.52921955467983,32.6,21.6,5.5
2026-03-15,Batu,-7.836534488856431,112.52921955467983,31.4,23.6,20.1
2026-03-16,Batu,-7.836534488856431,112.52921955467983,31.1,24.2,6.1
2026-03-17,Batu,-7.836534488856431,112.52921955467983,32.1,23.5,0.4
2026-03-18,Batu,-7.836534488856431,112.52921955467983,30.5,23.6,3.3
2026-03-19,Batu,-7.836534488856431,112.52921955467983,30.8,23.6,3.0
2026-03-20,Batu,-7.836534488856431,112.52921955467983,30.6,22.7,1.8
2026-03-14,"Blitar
",-8.098018302005928,112.16814434480048,30.6,21.3,6.3
2026-03-15,"Blitar
",-8.098018302005928,112.16814434480048,30.5,22.2,5.2
2026-03-16,"Blitar
",-8.098018302005928,112.16814434480048,30.1,22.3,8.0
2026-03-17,"Blitar
",-8.098018302005928,112.16814434480048,29.0,22.9,2.2
2026-03-18,"Blitar
",-8.098018302005928,112.16814434480048,28.9,23.5,3.0
2026-03-19,"Blitar
",-8.098018302005928,112.16814434480048,28.8,23.6,0.9
2026-03-20,"Blitar
",-8.098018302005928,112.16814434480048,28.5,23.3,3.3
2026-03-14,Blitar,-8.131455045455375,112.23616756450896,32.6,21.2,1.3
2026-03-15,Blitar,-8.131455045455375,112.23616756450896,31.9,23.4,8.9
2026-03-16,Blitar,-8.131455045455375,112.23616756450896,31.5,23.3,4.7
2026-03-17,Blitar,-8.131455045455375,112.23616756450896,30.3,23.4,1.1
2026-03-18,Blitar,-8.131455045455375,112.23616756450896,30.2,23.6,1.5
2026-03-19,Blitar,-8.131455045455375,112.23616756450896,30.0,24.3,0.0
2026-03-20,Blitar,-8.131455045455375,112.23616756450896,29.2,24.3,3.0
2026-03-14,Bojonegoro,-7.255922483406472,111.80613162864235,34.1,23.9,2.8
2026-03-15,Bojonegoro,-7.255922483406472,111.80613162864235,33.1,24.3,1.2
2026-03-16,Bojonegoro,-7.255922483406472,111.80613162864235,32.8,24.1,8.1
2026-03-17,Bojonegoro,-7.255922483406472,111.80613162864235,33.3,23.8,12.7
2026-03-18,Bojonegoro,-7.255922483406472,111.80613162864235,32.9,23.9,2.1
2026-03-19,Bojonegoro,-7.255922483406472,111.80613162864235,32.3,24.4,8.1
2026-03-20,Bojonegoro,-7.255922483406472,111.80613162864235,33.1,24.2,2.4
2026-03-14,Bondowoso,-7.940845869239556,113.94525489640145,31.7,22.8,13.2
2026-03-15,Bondowoso,-7.940845869239556,113.94525489640145,30.9,22.8,11.0
2026-03-16,Bondowoso,-7.940845869239556,113.94525489640145,31.1,23.3,8.5
2026-03-17,Bondowoso,-7.940845869239556,113.94525489640145,30.7,23.1,2.8
2026-03-18,Bondowoso,-7.940845869239556,113.94525489640145,29.7,23.1,4.5
2026-03-19,Bondowoso,-7.940845869239556,113.94525489640145,30.6,23.1,0.6
2026-03-20,Bondowoso,-7.940845869239556,113.94525489640145,30.9,23.3,1.2
2026-03-14,Gresik,-6.918777697045652,112.55715372886614,32.7,25.2,1.9
2026-03-15,Gresik,-6.918777697045652,112.55715372886614,32.0,25.8,4.6
2026-03-16,Gresik,-6.918777697045652,112.55715372886614,31.0,25.6,8.8
2026-03-17,Gresik,-6.918777697045652,112.55715372886614,31.9,25.0,15.0
2026-03-18,Gresik,-6.918777697045652,112.55715372886614,32.5,25.8,2.7
2026-03-19,Gresik,-6.918777697045652,112.55715372886614,32.1,25.9,17.1
2026-03-20,Gresik,-6.918777697045652,112.55715372886614,32.2,25.4,0.9
2026-03-14,Jember,-8.240725465210534,113.65721757394985,33.1,23.1,3.4
2026-03-15,Jember,-8.240725465210534,113.65721757394985,31.2,23.8,11.3
2026-03-16,Jember,-8.240725465210534,113.65721757394985,31.7,24.1,6.9
2026-03-17,Jember,-8.240725465210534,113.65721757394985,31.3,23.2,2.3
2026-03-18,Jember,-8.240725465210534,113.65721757394985,30.3,23.2,2.7
2026-03-19,Jember,-8.240725465210534,113.65721757394985,31.4,23.4,0.9
2026-03-20,Jember,-8.240725465210534,113.65721757394985,30.8,23.6,2.2
2026-03-14,Jember,-8.16362503589265,113.70408465353466,26.3,20.5,6.8
2026-03-15,Jember,-8.16362503589265,113.70408465353466,25.2,21.7,30.9
2026-03-16,Jember,-8.16362503589265,113.70408465353466,24.8,20.5,25.0
2026-03-17,Jember,-8.16362503589265,113.70408465353466,25.5,20.8,6.5
2026-03-18,Jember,-8.16362503589265,113.70408465353466,25.0,21.0,8.7
2026-03-19,Jember,-8.16362503589265,113.70408465353466,26.1,20.6,8.4
2026-03-20,Jember,-8.16362503589265,113.70408465353466,24.8,20.2,11.4
2026-03-14,Jombang,-7.5453689176852565,112.26318722021485,33.1,23.3,6.9
2026-03-15,Jombang,-7.5453689176852565,112.26318722021485,32.0,24.0,9.9
2026-03-16,Jombang,-7.5453689176852565,112.26318722021485,31.8,24.0,11.0
2026-03-17,Jombang,-7.5453689176852565,112.26318722021485,32.2,23.9,0.6
2026-03-18,Jombang,-7.5453689176852565,112.26318722021485,32.1,24.0,0.9
2026-03-19,Jombang,-7.5453689176852565,112.26318722021485,31.4,24.1,6.0
2026-03-20,Jombang,-7.5453689176852565,112.26318722021485,32.4,23.7,0.3
2026-03-14,Kediri,-7.828772386683546,112.08519676547344,32.0,22.8,5.3
2026-03-15,Kediri,-7.828772386683546,112.08519676547344,31.6,23.8,26.0
2026-03-16,Kediri,-7.828772386683546,112.08519676547344,31.0,23.6,25.7
2026-03-17,Kediri,-7.828772386683546,112.08519676547344,31.1,23.4,2.2
2026-03-18,Kediri,-7.828772386683546,112.08519676547344,30.4,23.6,6.0
2026-03-19,Kediri,-7.828772386683546,112.08519676547344,31.0,23.9,0.9
2026-03-20,Kediri,-7.828772386683546,112.08519676547344,30.3,23.4,2.4
2026-03-14,Kediri,-7.827078197409367,112.01174814995112,26.3,19.6,7.5
2026-03-15,Kediri,-7.827078197409367,112.01174814995112,25.2,19.9,28.9
2026-03-16,Kediri,-7.827078197409367,112.01174814995112,24.8,20.0,32.0
2026-03-17,Kediri,-7.827078197409367,112.01174814995112,24.6,19.8,11.7
2026-03-18,Kediri,-7.827078197409367,112.01174814995112,24.1,19.2,5.7
2026-03-19,Kediri,-7.827078197409367,112.01174814995112,23.8,19.5,5.7
2026-03-20,Kediri,-7.827078197409367,112.01174814995112,24.4,19.5,18.6
2026-03-14,Lamongan,-7.135001225110436,112.29942157782958,33.7,24.3,1.3
2026-03-15,Lamongan,-7.135001225110436,112.29942157782958,33.3,25.0,6.0
2026-03-16,Lamongan,-7.135001225110436,112.29942157782958,32.3,24.5,13.7
2026-03-17,Lamongan,-7.135001225110436,112.29942157782958,32.8,24.2,9.9
2026-03-18,Lamongan,-7.135001225110436,112.29942157782958,33.1,24.7,0.0
2026-03-19,Lamongan,-7.135001225110436,112.29942157782958,32.6,25.0,10.5
2026-03-20,Lamongan,-7.135001225110436,112.29942157782958,33.1,24.3,5.7
2026-03-14,Lumajang,-8.125124211892707,113.13738785095734,25.9,18.9,16.0
2026-03-15,Lumajang,-8.125124211892707,113.13738785095734,24.6,20.4,14.3
2026-03-16,Lumajang,-8.125124211892707,113.13738785095734,24.4,19.6,24.1
2026-03-17,Lumajang,-8.125124211892707,113.13738785095734,24.5,19.2,9.8
2026-03-18,Lumajang,-8.125124211892707,113.13738785095734,23.8,19.6,6.0
2026-03-19,Lumajang,-8.125124211892707,113.13738785095734,24.3,19.7,2.1
2026-03-20,Lumajang,-8.125124211892707,113.13738785095734,23.7,19.3,6.0
2026-03-14,Madiun,-7.623187053075011,111.64473656291695,33.3,22.5,10.7
2026-03-15,Madiun,-7.623187053075011,111.64473656291695,33.0,24.0,16.2
2026-03-16,Madiun,-7.623187053075011,111.64473656291695,32.4,24.6,35.2
2026-03-17,Madiun,-7.623187053075011,111.64473656291695,33.1,24.5,2.7
2026-03-18,Madiun,-7.623187053075011,111.64473656291695,32.7,23.9,1.5
2026-03-19,Madiun,-7.623187053075011,111.64473656291695,32.6,24.8,5.7
2026-03-20,Madiun,-7.623187053075011,111.64473656291695,33.4,24.9,2.7
2026-03-14,Madiun,-7.629285307852536,111.52929757055907,32.8,22.0,10.7
2026-03-15,Madiun,-7.629285307852536,111.52929757055907,32.5,23.5,16.2
2026-03-16,Madiun,-7.629285307852536,111.52929757055907,31.9,24.1,35.2
2026-03-17,Madiun,-7.629285307852536,111.52929757055907,32.6,24.0,2.7
2026-03-18,Madiun,-7.629285307852536,111.52929757055907,32.2,23.4,1.5
2026-03-19,Madiun,-7.629285307852536,111.52929757055907,32.1,24.3,5.7
2026-03-20,Madiun,-7.629285307852536,111.52929757055907,32.9,24.4,2.7
2026-03-14,Magetan,-7.662663311286117,111.35743118661335,27.8,20.2,1.4
2026-03-15,Magetan,-7.662663311286117,111.35743118661335,27.0,20.0,8.2
2026-03-16,Magetan,-7.662663311286117,111.35743118661335,26.0,20.2,24.8
2026-03-17,Magetan,-7.662663311286117,111.35743118661335,26.6,20.1,9.6
2026-03-18,Magetan,-7.662663311286117,111.35743118661335,27.4,19.8,2.1
2026-03-19,Magetan,-7.662663311286117,111.35743118661335,25.5,20.3,10.5
2026-03-20,Magetan,-7.662663311286117,111.35743118661335,26.5,20.2,15.9
2026-03-14,Malang,-8.125893007892708,112.6385020214351,31.6,21.0,5.5
2026-03-15,Malang,-8.125893007892708,112.6385020214351,29.7,22.9,7.6
2026-03-16,Malang,-8.125893007892708,112.6385020214351,30.1,22.7,9.7
2026-03-17,Malang,-8.125893007892708,112.6385020214351,29.2,22.2,1.3
2026-03-18,Malang,-8.125893007892708,112.6385020214351,28.6,22.2,6.3
2026-03-19,Malang,-8.125893007892708,112.6385020214351,29.4,22.4,2.1
2026-03-20,Malang,-8.125893007892708,112.6385020214351,28.3,22.1,6.0
2026-03-14,Malang,-7.971394251885659,112.62895884153725,28.4,19.8,8.1
2026-03-15,Malang,-7.971394251885659,112.62895884153725,26.8,20.1,6.6
2026-03-16,Malang,-7.971394251885659,112.62895884153725,26.8,20.2,10.9
2026-03-17,Malang,-7.971394251885659,112.62895884153725,26.2,19.7,3.3
2026-03-18,Malang,-7.971394251885659,112.62895884153725,25.3,19.7,6.0
2026-03-19,Malang,-7.971394251885659,112.62895884153725,26.1,19.7,2.7
2026-03-20,Malang,-7.971394251885659,112.62895884153725,25.3,19.4,7.8
2026-03-14,Mojokerto,-7.54974071584679,112.48239469478199,33.4,22.3,5.1
2026-03-15,Mojokerto,-7.54974071584679,112.48239469478199,32.1,24.0,13.2
2026-03-16,Mojokerto,-7.54974071584679,112.48239469478199,31.8,23.6,8.4
2026-03-17,Mojokerto,-7.54974071584679,112.48239469478199,32.1,23.8,1.2
2026-03-18,Mojokerto,-7.54974071584679,112.48239469478199,31.3,23.3,4.3
2026-03-19,Mojokerto,-7.54974071584679,112.48239469478199,31.0,23.9,8.9
2026-03-20,Mojokerto,-7.54974071584679,112.48239469478199,31.7,23.1,1.2
2026-03-14,Mojokerto,-7.472008812407775,112.43338663606013,33.8,23.9,6.6
2026-03-15,Mojokerto,-7.472008812407775,112.43338663606013,32.6,24.6,16.8
2026-03-16,Mojokerto,-7.472008812407775,112.43338663606013,32.4,24.0,10.7
2026-03-17,Mojokerto,-7.472008812407775,112.43338663606013,33.0,24.2,0.6
2026-03-18,Mojokerto,-7.472008812407775,112.43338663606013,32.3,23.8,1.2
2026-03-19,Mojokerto,-7.472008812407775,112.43338663606013,31.8,24.7,5.4
2026-03-20,Mojokerto,-7.472008812407775,112.43338663606013,32.6,24.1,0.3
2026-03-14,Nganjuk,-7.596029060316593,111.93834503007763,31.8,21.4,1.5
2026-03-15,Nganjuk,-7.596029060316593,111.93834503007763,31.0,22.8,9.0
2026-03-16,Nganjuk,-7.596029060316593,111.93834503007763,30.9,23.4,11.5
2026-03-17,Nganjuk,-7.596029060316593,111.93834503007763,30.7,23.0,7.1
2026-03-18,Nganjuk,-7.596029060316593,111.93834503007763,30.8,22.2,2.4
2026-03-19,Nganjuk,-7.596029060316593,111.93834503007763,30.4,23.3,13.8
2026-03-20,Nganjuk,-7.596029060316593,111.93834503007763,30.4,22.3,8.1
2026-03-14,Ngawi,-7.438865340076048,111.34197445283831,29.2,21.5,1.4
2026-03-15,Ngawi,-7.438865340076048,111.34197445283831,28.3,21.4,8.2
2026-03-16,Ngawi,-7.438865340076048,111.34197445283831,27.3,21.6,24.8
2026-03-17,Ngawi,-7.438865340076048,111.34197445283831,27.9,21.5,9.6
2026-03-18,Ngawi,-7.438865340076048,111.34197445283831,28.8,21.2,2.1
2026-03-19,Ngawi,-7.438865340076048,111.34197445283831,26.8,21.7,10.5
2026-03-20,Ngawi,-7.438865340076048,111.34197445283831,27.9,21.6,15.9
2026-03-14,Pacitan,-8.12539097216934,111.17789690901662,31.4,23.7,0.9
2026-03-15,Pacitan,-8.12539097216934,111.17789690901662,30.3,24.8,9.2
2026-03-16,Pacitan,-8.12539097216934,111.17789690901662,29.9,24.9,4.0
2026-03-17,Pacitan,-8.12539097216934,111.17789690901662,30.4,24.2,1.9
2026-03-18,Pacitan,-8.12539097216934,111.17789690901662,30.9,23.5,0.0
2026-03-19,Pacitan,-8.12539097216934,111.17789690901662,29.9,25.1,3.0
2026-03-20,Pacitan,-8.12539097216934,111.17789690901662,29.5,24.8,1.8
2026-03-14,Pamekasan,-7.068173969418024,113.50288948935209,32.4,23.3,0.1
2026-03-15,Pamekasan,-7.068173969418024,113.50288948935209,31.6,23.6,2.3
2026-03-16,Pamekasan,-7.068173969418024,113.50288948935209,31.2,23.6,7.1
2026-03-17,Pamekasan,-7.068173969418024,113.50288948935209,30.7,22.7,2.4
2026-03-18,Pamekasan,-7.068173969418024,113.50288948935209,30.0,23.3,0.3
2026-03-19,Pamekasan,-7.068173969418024,113.50288948935209,30.8,23.8,1.8
2026-03-20,Pamekasan,-7.068173969418024,113.50288948935209,31.0,23.6,0.1
2026-03-14,Pasuruan,-7.7400187248553625,112.82983490664313,30.2,22.2,22.5
2026-03-15,Pasuruan,-7.7400187248553625,112.82983490664313,27.4,22.8,46.3
2026-03-16,Pasuruan,-7.7400187248553625,112.82983490664313,28.0,22.8,35.7
2026-03-17,Pasuruan,-7.7400187248553625,112.82983490664313,29.0,22.4,2.8
2026-03-18,Pasuruan,-7.7400187248553625,112.82983490664313,28.9,22.4,2.1
2026-03-19,Pasuruan,-7.7400187248553625,112.82983490664313,28.8,22.4,2.1
2026-03-20,Pasuruan,-7.7400187248553625,112.82983490664313,28.7,22.1,12.0
2026-03-14,Pasuruan,-7.651863419193686,112.90168868034624,31.3,21.5,6.6
2026-03-15,Pasuruan,-7.651863419193686,112.90168868034624,31.5,24.9,25.4
2026-03-16,Pasuruan,-7.651863419193686,112.90168868034624,29.4,24.4,14.8
2026-03-17,Pasuruan,-7.651863419193686,112.90168868034624,30.0,23.0,1.2
2026-03-18,Pasuruan,-7.651863419193686,112.90168868034624,30.3,23.4,1.8
2026-03-19,Pasuruan,-7.651863419193686,112.90168868034624,30.3,23.8,0.6
2026-03-20,Pasuruan,-7.651863419193686,112.90168868034624,30.4,23.2,3.3
2026-03-14,Ponorogo,-7.931942194510747,111.49917127796027,32.5,21.2,0.3
2026-03-15,Ponorogo,-7.931942194510747,111.49917127796027,30.9,21.8,32.5
2026-03-16,Ponorogo,-7.931942194510747,111.49917127796027,30.7,22.8,9.4
2026-03-17,Ponorogo,-7.931942194510747,111.49917127796027,31.8,22.4,2.0
2026-03-18,Ponorogo,-7.931942194510747,111.49917127796027,31.7,21.8,0.0
2026-03-19,Ponorogo,-7.931942194510747,111.49917127796027,31.0,23.0,4.5
2026-03-20,Ponorogo,-7.931942194510747,111.49917127796027,31.8,22.7,1.8
2026-03-14,Probolinggo,-7.866622314304635,113.31971828720452,30.5,23.0,1.1
2026-03-15,Probolinggo,-7.866622314304635,113.31971828720452,30.5,24.2,5.8
2026-03-16,Probolinggo,-7.866622314304635,113.31971828720452,30.0,23.8,4.1
2026-03-17,Probolinggo,-7.866622314304635,113.31971828720452,31.9,23.9,0.7
2026-03-18,Probolinggo,-7.866622314304635,113.31971828720452,31.2,24.5,1.2
2026-03-19,Probolinggo,-7.866622314304635,113.31971828720452,32.2,24.4,0.0
2026-03-20,Probolinggo,-7.866622314304635,113.31971828720452,31.6,24.6,0.3
2026-03-14,Probolinggo,-7.777378365577587,113.21293783559545,29.6,23.1,7.2
2026-03-15,Probolinggo,-7.777378365577587,113.21293783559545,29.1,23.2,29.9
2026-03-16,Probolinggo,-7.777378365577587,113.21293783559545,28.7,23.8,7.5
2026-03-17,Probolinggo,-7.777378365577587,113.21293783559545,29.8,23.8,4.4
2026-03-18,Probolinggo,-7.777378365577587,113.21293783559545,30.0,23.3,5.1
2026-03-19,Probolinggo,-7.777378365577587,113.21293783559545,30.2,23.2,0.9
2026-03-20,Probolinggo,-7.777378365577587,113.21293783559545,29.8,23.5,20.1
2026-03-14,Sampang,-7.04870325806202,113.25755721338034,32.0,24.2,0.3
2026-03-15,Sampang,-7.04870325806202,113.25755721338034,31.6,24.4,1.7
2026-03-16,Sampang,-7.04870325806202,113.25755721338034,31.1,24.3,6.9
2026-03-17,Sampang,-7.04870325806202,113.25755721338034,32.3,23.8,4.8
2026-03-18,Sampang,-7.04870325806202,113.25755721338034,31.4,24.2,2.8
2026-03-19,Sampang,-7.04870325806202,113.25755721338034,31.0,24.6,4.7
2026-03-20,Sampang,-7.04870325806202,113.25755721338034,32.3,23.7,4.0
2026-03-14,Sidoarjo,-7.448613858457647,112.70386714762085,33.3,24.1,5.7
2026-03-15,Sidoarjo,-7.448613858457647,112.70386714762085,32.5,24.4,17.5
2026-03-16,Sidoarjo,-7.448613858457647,112.70386714762085,31.5,24.3,39.7
2026-03-17,Sidoarjo,-7.448613858457647,112.70386714762085,32.0,24.2,11.8
2026-03-18,Sidoarjo,-7.448613858457647,112.70386714762085,31.6,24.0,2.4
2026-03-19,Sidoarjo,-7.448613858457647,112.70386714762085,31.2,24.2,18.3
2026-03-20,Sidoarjo,-7.448613858457647,112.70386714762085,31.9,23.8,6.0
2026-03-14,Situbondo,-7.800652143295203,114.05672773532778,29.8,22.0,7.1
2026-03-15,Situbondo,-7.800652143295203,114.05672773532778,29.4,22.6,2.7
2026-03-16,Situbondo,-7.800652143295203,114.05672773532778,29.3,22.5,8.4
2026-03-17,Situbondo,-7.800652143295203,114.05672773532778,29.3,22.5,4.2
2026-03-18,Situbondo,-7.800652143295203,114.05672773532778,28.9,22.5,3.6
2026-03-19,Situbondo,-7.800652143295203,114.05672773532778,29.5,22.4,1.2
2026-03-20,Situbondo,-7.800652143295203,114.05672773532778,29.5,22.7,4.2
2026-03-14,Sumenep,-6.970272459389166,114.37546981713669,28.7,26.7,5.6
2026-03-15,Sumenep,-6.970272459389166,114.37546981713669,28.6,27.0,5.7
2026-03-16,Sumenep,-6.970272459389166,114.37546981713669,28.4,26.8,5.2
2026-03-17,Sumenep,-6.970272459389166,114.37546981713669,28.8,27.1,0.1
2026-03-18,Sumenep,-6.970272459389166,114.37546981713669,28.3,27.2,0.7
2026-03-19,Sumenep,-6.970272459389166,114.37546981713669,28.2,26.8,2.6
2026-03-20,Sumenep,-6.970272459389166,114.37546981713669,28.6,27.1,0.9
2026-03-14,Surabaya,-7.273366838722888,112.7167931093542,33.3,25.1,4.9
2026-03-15,Surabaya,-7.273366838722888,112.7167931093542,32.2,25.5,7.1
2026-03-16,Surabaya,-7.273366838722888,112.7167931093542,31.6,25.1,11.7
2026-03-17,Surabaya,-7.273366838722888,112.7167931093542,32.3,24.9,15.4
2026-03-18,Surabaya,-7.273366838722888,112.7167931093542,31.7,25.0,4.0
2026-03-19,Surabaya,-7.273366838722888,112.7167931093542,31.7,24.9,16.9
2026-03-20,Surabaya,-7.273366838722888,112.7167931093542,32.0,24.9,4.8
2026-03-14,Trenggalek,-8.166208398200913,111.62378147600171,26.9,19.8,8.8
2026-03-15,Trenggalek,-8.166208398200913,111.62378147600171,26.7,20.0,13.7
2026-03-16,Trenggalek,-8.166208398200913,111.62378147600171,26.4,20.1,13.0
2026-03-17,Trenggalek,-8.166208398200913,111.62378147600171,25.8,19.9,2.5
2026-03-18,Trenggalek,-8.166208398200913,111.62378147600171,25.9,19.6,4.5
2026-03-19,Trenggalek,-8.166208398200913,111.62378147600171,25.5,20.6,2.1
2026-03-20,Trenggalek,-8.166208398200913,111.62378147600171,25.3,19.9,4.5
2026-03-14,Tuban,-6.953332990370578,111.89443183651996,32.6,23.3,0.0
2026-03-15,Tuban,-6.953332990370578,111.89443183651996,31.8,24.1,5.4
2026-03-16,Tuban,-6.953332990370578,111.89443183651996,31.1,23.8,11.5
2026-03-17,Tuban,-6.953332990370578,111.89443183651996,32.3,23.6,5.2
2026-03-18,Tuban,-6.953332990370578,111.89443183651996,32.2,23.9,0.0
2026-03-19,Tuban,-6.953332990370578,111.89443183651996,31.5,23.9,9.9
2026-03-20,Tuban,-6.953332990370578,111.89443183651996,32.1,23.6,2.3
2026-03-14,Tulungagung,-8.116701874149932,111.8857936628693,33.9,20.3,2.3
2026-03-15,Tulungagung,-8.116701874149932,111.8857936628693,33.1,22.1,4.8
2026-03-16,Tulungagung,-8.116701874149932,111.8857936628693,32.6,22.0,4.4
2026-03-17,Tulungagung,-8.116701874149932,111.8857936628693,31.5,22.5,1.4
2026-03-18,Tulungagung,-8.116701874149932,111.8857936628693,30.4,22.6,2.4
2026-03-19,Tulungagung,-8.116701874149932,111.8857936628693,31.1,23.5,0.3
2026-03-20,Tulungagung,-8.116701874149932,111.8857936628693,30.6,22.5,2.7
2026-03-14,Bantul,-7.903157321556691,110.35930766561964,32.0,21.6,0.1
2026-03-15,Bantul,-7.903157321556691,110.35930766561964,30.5,22.7,10.1
2026-03-16,Bantul,-7.903157321556691,110.35930766561964,30.1,23.7,5.8
2026-03-17,Bantul,-7.903157321556691,110.35930766561964,31.0,23.5,3.0
2026-03-18,Bantul,-7.903157321556691,110.35930766561964,31.8,23.2,0.0
2026-03-19,Bantul,-7.903157321556691,110.35930766561964,29.7,24.0,7.8
2026-03-20,Bantul,-7.903157321556691,110.35930766561964,31.1,23.6,0.1
2026-03-14,Gunung Kidul,-7.995033955747432,110.61197645606727,30.9,23.9,0.0
2026-03-15,Gunung Kidul,-7.995033955747432,110.61197645606727,30.3,24.0,3.1
2026-03-16,Gunung Kidul,-7.995033955747432,110.61197645606727,30.0,24.4,2.0
2026-03-17,Gunung Kidul,-7.995033955747432,110.61197645606727,30.5,24.1,0.6
2026-03-18,Gunung Kidul,-7.995033955747432,110.61197645606727,30.9,23.9,0.0
2026-03-19,Gunung Kidul,-7.995033955747432,110.61197645606727,29.5,24.6,0.6
2026-03-20,Gunung Kidul,-7.995033955747432,110.61197645606727,30.5,24.4,0.6
2026-03-14,Kulon Progo,-7.816742754638983,110.1727566781025,28.4,26.5,2.0
2026-03-15,Kulon Progo,-7.816742754638983,110.1727566781025,27.9,26.2,12.2
2026-03-16,Kulon Progo,-7.816742754638983,110.1727566781025,27.9,26.1,17.0
2026-03-17,Kulon Progo,-7.816742754638983,110.1727566781025,28.2,26.1,11.8
2026-03-18,Kulon Progo,-7.816742754638983,110.1727566781025,28.6,26.0,0.2
2026-03-19,Kulon Progo,-7.816742754638983,110.1727566781025,28.0,26.7,6.7
2026-03-20,Kulon Progo,-7.816742754638983,110.1727566781025,28.3,25.9,1.9
2026-03-14,Sleman,-7.7163265434123245,110.3875553363403,31.9,21.3,0.1
2026-03-15,Sleman,-7.7163265434123245,110.3875553363403,30.6,21.9,9.1
2026-03-16,Sleman,-7.7163265434123245,110.3875553363403,29.7,22.7,8.5
2026-03-17,Sleman,-7.7163265434123245,110.3875553363403,30.3,22.5,3.0
2026-03-18,Sleman,-7.7163265434123245,110.3875553363403,31.6,21.7,0.0
2026-03-19,Sleman,-7.7163265434123245,110.3875553363403,28.9,22.7,8.7
2026-03-20,Sleman,-7.7163265434123245,110.3875553363403,30.7,22.5,0.0
2026-03-14,Yogyakarta,-7.804853776148578,110.37468579274945,32.8,22.2,0.1
2026-03-15,Yogyakarta,-7.804853776148578,110.37468579274945,31.5,22.8,9.1
2026-03-16,Yogyakarta,-7.804853776148578,110.37468579274945,30.6,23.6,8.5
2026-03-17,Yogyakarta,-7.804853776148578,110.37468579274945,31.2,23.4,3.0
2026-03-18,Yogyakarta,-7.804853776148578,110.37468579274945,32.5,22.6,0.0
2026-03-19,Yogyakarta,-7.804853776148578,110.37468579274945,29.8,23.6,8.7
2026-03-20,Yogyakarta,-7.804853776148578,110.37468579274945,31.6,23.4,0.0
